{"cameraMode":{"drawMode":0,"name":"Shaded","section":"Shading Mode"},"sceneLighting":true,"audioPlay":false,"sceneViewState":{"showFog":true,"showMaterialUpdate":true,"showSkybox":false,"showFlares":true,"showImageEffects":true,"showParticleSystems":true},"in2DMode":false,"pivot":{"x":-0.039999961853027347,"y":1.6700000762939454,"z":0.49321460723876955},"rotation":{"x":-0.17351828515529633,"y":-0.8230873942375183,"z":0.42167720198631289,"w":-0.3389970660209656},"size":34.12240982055664,"orthographic":true}