{"cameraMode":{"drawMode":0,"name":"Shaded","section":"Shading Mode"},"sceneLighting":true,"audioPlay":false,"sceneViewState":{"showFog":true,"showMaterialUpdate":true,"showSkybox":false,"showFlares":true,"showImageEffects":true,"showParticleSystems":true},"in2DMode":false,"pivot":{"x":0.0,"y":-0.013000011444091797,"z":0.25299978256225588},"rotation":{"x":0.3502248525619507,"y":0.4242594540119171,"z":-0.1823311299085617,"w":0.8149263858795166},"size":1.5656177997589112,"orthographic":true}