{"cameraMode":{"drawMode":0,"name":"Shaded","section":"Shading Mode"},"sceneLighting":true,"audioPlay":false,"sceneViewState":{"showFog":true,"showMaterialUpdate":true,"showSkybox":true,"showFlares":true,"showImageEffects":true,"showParticleSystems":true},"in2DMode":false,"pivot":{"x":33.525962829589847,"y":-9.400199890136719,"z":38.653099060058597},"rotation":{"x":0.6701288223266602,"y":-0.0044533805921673779,"z":0.004020818509161472,"w":0.7422209978103638},"size":111.857177734375,"orthographic":false}